label,batch_size,failure_point_percent,events,products,expected_total_score,actual_total_score,overcount_percent,products_with_drift,top20_overlap_percent
local-20260717-measured,50,0,20000,3000,6855013.2000,6855013.2000,0.0000,0,100.0000
local-20260717-measured,50,25,20000,3000,6855013.2000,6859360.2000,0.0634,12,95.0000
local-20260717-measured,50,75,20000,3000,6855013.2000,6867400.4000,0.1807,37,80.0000
local-20260717-measured,500,0,20000,3000,6855013.2000,6855013.2000,0.0000,0,100.0000
local-20260717-measured,500,25,20000,3000,6855013.2000,6897033.5000,0.6130,125,35.0000
local-20260717-measured,500,75,20000,3000,6855013.2000,6985444.9000,1.9027,375,25.0000
local-20260717-measured,3000,0,20000,3000,6855013.2000,6855013.2000,0.0000,0,100.0000
local-20260717-measured,3000,25,20000,3000,6855013.2000,7111834.1000,3.7465,750,40.0000
local-20260717-measured,3000,75,20000,3000,6855013.2000,7626138.8000,11.2491,2250,100.0000
